Q2047738	order	Q134759
Q158717	order	Q132355
Q25400	order	Q747502
Q25400	order	Q21730
Q156449	order	Q843246
Q156449	order	Q28319
Q16985982	order	Q147877
Q134655	order	Q338878
Q133329	order	Q1089795
Q12593653	order	Q3463993
Q1628946	order	Q133143
Q1628946	order	Q840453
Q1628946	order	Q972302
Q157228	order	Q21838
Q609477	order	Q147877
Q778491	order	Q28319
Q2412715	order	Q147877
Q2412715	order	Q7430238
Q2454879	order	Q692384
Q23193	order	Q26332
Q920316	order	Q692384
Q220025	order	Q27187
Q156563	order	Q338878
Q182751	order	Q728299
Q5704835	order	Q21730
Q6168803	order	Q2944038
Q6168803	order	Q1050423
Q6168803	order	Q2254408
Q6168803	order	Q661136
Q25510	order	Q21736
Q25510	order	Q2330918
Q634110	order	Q134759
Q634110	order	Q53636
Q27532	order	Q122422
Q27532	order	Q1050423
Q27532	order	Q2254408
Q4388882	order	Q1050423
Q4388882	order	Q2254408
Q1106671	order	Q230502
Q1942373	order	Q22671
Q1942373	order	Q147877
Q756153	order	Q843246
Q756153	order	Q132355
Q48227	order	Q27341
Q248425	order	Q132355
Q1132223	order	Q4576637
Q1132223	order	Q133143
Q1132223	order	Q5361179
Q1132223	order	Q713623
Q1055279	order	Q136817
Q1055279	order	Q132979
Q205295	order	Q692384
Q133206	order	Q338878
Q132980	order	Q843246
Q132980	order	Q132742
Q843104	order	Q843246
Q131470	order	Q26229
Q26220	order	Q338878
Q145595	order	Q133143
Q145595	order	Q5361179
Q145595	order	Q4576637
Q119691	order	Q22864
Q14080	order	Q1096533
Q14080	order	Q868546
Q14560	order	Q21808
Q1093493	order	Q25312
Q26568	order	Q747502
Q26568	order	Q2538910
Q26568	order	Q235536
Q1330030	order	Q692384
Q16993252	order	Q132979
Q16993252	order	Q1187122
Q16993252	order	Q1187533
Q133694	order	Q843246
Q782541	order	Q132742
Q782541	order	Q132355
Q135051	order	Q28319
Q135051	order	Q132742
Q135051	order	Q132355
Q658176	order	Q304358
Q134662	order	Q747502
Q134662	order	Q21730
Q460286	order	Q2102
Q460286	order	Q940396
Q1070132	order	Q165468
Q1070132	order	Q21808
Q155931	order	Q165468
Q1411049	order	Q25312
Q7386	order	Q22651
Q7386	order	Q22864
Q459180	order	Q28319
Q459180	order	Q843246
Q459180	order	Q132355
Q459180	order	Q132742
Q4053381	order	Q1187533
Q4053381	order	Q132979
Q4053381	order	Q1187122
Q207767	order	Q21685
Q583074	order	Q223044
Q8008559	order	Q132979
Q8008559	order	Q1187122
Q8008559	order	Q1187533
Q132216	order	Q747502
Q132216	order	Q21730
Q101680	order	Q1000370
Q132379	order	Q7430238
Q30266	order	Q471797
Q2918988	order	Q21754
Q2918988	order	Q747502
Q3926088	order	Q7263860
Q134525	order	Q21730
Q134525	order	Q747502
Q935463	order	Q25934
Q132129	order	Q19125
Q3011905	order	Q216191
Q133240	order	Q28319
Q133240	order	Q843246
Q133240	order	Q132355
Q133240	order	Q132742
Q1060265	order	Q22651
Q1060265	order	Q22864
Q855355	order	Q843246
Q3023494	order	Q132742
Q3023494	order	Q132355
Q505181	order	Q25375
Q149407	order	Q132742
Q25565	order	Q25341
Q161929	order	Q21737
Q161929	order	Q747502
Q193061	order	Q10850
Q612468	order	Q28319
Q530200	order	Q22651
Q530200	order	Q22864
Q327149	order	Q22671
Q3029824	order	Q713623
Q663380	order	Q59576
Q782744	order	Q132355
Q248419	order	Q843246
Q248419	order	Q132742
Q248419	order	Q132355
Q366974	order	Q25341
Q134551	order	Q59576
Q2161209	order	Q132355
Q157168	order	Q747502
Q1357575	order	Q132742
Q15872	order	Q2254408
Q26617	order	Q25950
Q186946	order	Q147877
Q186946	order	Q7430238
Q1946537	order	Q499621
Q58949	order	Q471797
Q58949	order	Q10850
Q2461107	order	Q136817
Q546390	order	Q132742
Q546390	order	Q132355
Q904159	order	Q764420
Q904159	order	Q25341
Q904159	order	Q194240
Q163656	order	Q122422
Q163656	order	Q2102
Q5101972	order	Q27605
Q5101972	order	Q950698
Q5101972	order	Q25312
Q501728	order	Q1844555
Q148694	order	Q868546
Q148694	order	Q28502
Q25916	order	Q471797
Q1028894	order	Q5124933
Q1028894	order	Q5361179
Q1028894	order	Q133143
Q1028894	order	Q4576637
Q1028894	order	Q1391863
Q1028894	order	Q5268323
Q155843	order	Q868546
Q155843	order	Q28502
Q161214	order	Q27187
Q2068481	order	Q28319
Q235589	order	Q122422
Q235589	order	Q661136
Q235589	order	Q2254408
Q16993387	order	Q713623
Q2285470	order	Q141527
Q134254	order	Q660475
Q1521424	order	Q133143
Q1521424	order	Q840453
Q1521424	order	Q972302
Q840750	order	Q10850
Q898003	order	Q25312
Q898003	order	Q27584
Q898003	order	Q1947463
Q156522	order	Q27287
Q56057	order	Q53636
Q6069603	order	Q26229
Q25437	order	Q25306
Q782316	order	Q21878
Q782316	order	Q338878
Q2862448	order	Q25341
Q4034212	order	Q147877
Q3826824	order	Q338878
Q3826824	order	Q21878
Q56054	order	Q53636
Q56054	order	Q134759
Q324132	order	Q22864
Q324132	order	Q22651
Q191102	order	Q661136
Q191102	order	Q122422
Q2116183	order	Q713623
Q577057	order	Q577057
Q5395245	order	Q21754
Q5395245	order	Q747502
Q26623	order	Q25557
Q5451155	order	Q5361179
Q5451155	order	Q4576637
Q5451155	order	Q1391863
Q5451155	order	Q133143
Q5451155	order	Q5268323
Q5451155	order	Q5124933
Q651012	order	Q2102
Q1950849	order	Q133143
Q1950849	order	Q5361179
Q1950849	order	Q4576637
Q1362832	order	Q59576
Q26375	order	Q21659
Q5389559	order	Q25312
Q217697	order	Q1000370
Q1617301	order	Q25312
Q1617301	order	Q240514
Q642437	order	Q28425
Q849350	order	Q834805
Q5923637	order	Q21754
Q5923637	order	Q747502
Q774956	order	Q12084
Q157115	order	Q747502
Q157115	order	Q21737
Q672007	order	Q27584
Q672007	order	Q25312
Q2717036	order	Q28319
Q160835	order	Q764420
Q160835	order	Q194240
Q160835	order	Q25341
Q1025282	order	Q133143
Q1025282	order	Q5361179
Q1025282	order	Q4576637
Q390835	order	Q499621
Q349989	order	Q2344380
Q2852661	order	Q53636
Q37204	order	Q22651
Q37204	order	Q22864
Q156219	order	Q21808
Q145239	order	Q660475
Q756082	order	Q22651
Q756082	order	Q22864
Q2491068	order	Q661136
Q23230	order	Q26332
Q2145983	order	Q40802
Q54901	order	Q1357
Q507694	order	Q25375
Q507694	order	Q1317561
Q132986	order	Q28319
Q235536	order	Q221448
Q1617275	order	Q27584
Q1617275	order	Q240514
Q56065	order	Q134759
Q56065	order	Q53636
Q10992	order	Q12084
Q1607847	order	Q484131
Q156446	order	Q27287
Q55467	order	Q53636
Q120228	order	Q27187
Q1929486	order	Q4135179
Q733407	order	Q467382
Q733407	order	Q122422
Q7556	order	Q21651
Q756491	order	Q1187533
Q756491	order	Q1187122
Q756491	order	Q132979
Q194305	order	Q59576
Q561145	order	Q25934
Q516862	order	Q25375
Q2171375	order	Q193418
Q216944	order	Q338878
Q216944	order	Q21881
Q3171221	order	Q3463993
Q974811	order	Q21659
Q4931466	order	Q28319
Q6113134	order	Q21754
Q6113134	order	Q747502
Q1097755	order	Q167810
Q929362	order	Q499621
Q1517807	order	Q1187122
Q1517807	order	Q132979
Q1517807	order	Q1187533
Q3011738	order	Q661136
Q312771	order	Q22651
Q312771	order	Q22864
Q602788	order	Q747502
Q13898682	order	Q843246
Q8009226	order	Q843246
Q7187594	order	Q843246
Q5264614	order	Q843246
Q5289022	order	Q843246
Q7662234	order	Q843246
Q10796975	order	Q843246
Q6482621	order	Q843246
Q5383101	order	Q843246
Q2908297	order	Q843246
Q7662441	order	Q843246
Q4703668	order	Q843246
Q7188170	order	Q843246
Q1595529	order	Q843246
Q134842	order	Q157114
Q138789	order	Q157114
Q947957	order	Q157114
Q1115176	order	Q5361179
Q568111	order	Q31431
Q213984	order	Q31431
Q256346	order	Q27584
Q256346	order	Q240514
Q7103653	order	Q27584
Q7103653	order	Q240514
Q745253	order	Q747502
Q2629596	order	Q747502
Q849397	order	Q747502
Q5704835	order	Q21730
Q26949	order	Q747502
Q1761605	order	Q132742
Q1761605	order	Q132355
Q7226715	order	Q132742
Q7226715	order	Q132355
Q741753	order	Q132742
Q741753	order	Q132355
Q10770242	order	Q132742
Q10770242	order	Q132355
Q4979774	order	Q132742
Q4979774	order	Q132355
Q7835382	order	Q132742
Q7835382	order	Q132355
Q5598009	order	Q132742
Q5598009	order	Q132355
Q1762691	order	Q132742
Q1762691	order	Q132355
Q7798229	order	Q132742
Q7798229	order	Q132355
Q5388208	order	Q132742
Q5388208	order	Q132355
Q10768136	order	Q132742
Q10768136	order	Q132355
Q5382572	order	Q132742
Q5382572	order	Q132355
Q1312366	order	Q132742
Q1312366	order	Q132355
Q6676226	order	Q132742
Q6676226	order	Q132355
Q6998871	order	Q132742
Q6998871	order	Q132355
Q3425115	order	Q132742
Q3425115	order	Q132355
Q1759465	order	Q132742
Q1759465	order	Q132355
Q5527805	order	Q132742
Q5527805	order	Q132355
Q3427265	order	Q132742
Q3427265	order	Q132355
Q7702424	order	Q132742
Q7702424	order	Q132355
Q5746939	order	Q132742
Q5746939	order	Q132355
Q5037105	order	Q132742
Q5037105	order	Q132355
Q7456707	order	Q132742
Q7456707	order	Q132355
Q5103423	order	Q132742
Q5103423	order	Q132355
Q6663788	order	Q132742
Q6663788	order	Q132355
Q3425840	order	Q132742
Q3425840	order	Q132355
Q5101451	order	Q132742
Q5101451	order	Q132355
Q4684654	order	Q132742
Q4684654	order	Q132355
Q7202675	order	Q132742
Q7202675	order	Q132355
Q5587006	order	Q132742
Q5587006	order	Q132355
Q7104428	order	Q132742
Q7104428	order	Q132355
Q1346369	order	Q132742
Q1346369	order	Q132355
Q4780761	order	Q132742
Q4780761	order	Q132355
Q1952323	order	Q132742
Q1952323	order	Q132355
Q4747647	order	Q132742
Q4747647	order	Q132355
Q10785050	order	Q132742
Q10785050	order	Q132355
Q1763085	order	Q132742
Q1763085	order	Q132355
Q5715863	order	Q132742
Q5715863	order	Q132355
Q5581980	order	Q132742
Q5581980	order	Q132355
Q4944383	order	Q132742
Q4944383	order	Q132355
Q3015519	order	Q132742
Q3015519	order	Q132355
Q5194584	order	Q132742
Q5194584	order	Q132355
Q5574426	order	Q132742
Q5574426	order	Q132355
Q3427090	order	Q132742
Q3427090	order	Q132355
Q7577569	order	Q132742
Q7577569	order	Q132355
Q1765523	order	Q132742
Q1765523	order	Q132355
Q1951903	order	Q132742
Q1951903	order	Q132355
Q7247487	order	Q132742
Q7247487	order	Q132355
Q6086388	order	Q132742
Q6086388	order	Q132355
Q3425881	order	Q132742
Q3425881	order	Q132355
Q7576735	order	Q132742
Q7576735	order	Q132355
Q3427430	order	Q132742
Q3427430	order	Q132355
Q5383167	order	Q132742
Q5383167	order	Q132355
Q5382573	order	Q132742
Q5382573	order	Q132355
Q7247885	order	Q132742
Q7247885	order	Q132355
Q1354857	order	Q132742
Q1354857	order	Q132355
Q1354955	order	Q132742
Q1354955	order	Q132355
Q5760867	order	Q132742
Q5760867	order	Q132355
Q5227802	order	Q132742
Q5227802	order	Q132355
Q7573594	order	Q132742
Q7573594	order	Q132355
Q6822986	order	Q132742
Q6822986	order	Q132355
Q1304361	order	Q132742
Q1304361	order	Q132355
Q5272461	order	Q132742
Q5272461	order	Q132355
Q7573589	order	Q132742
Q7573589	order	Q132355
Q7260021	order	Q132742
Q7260021	order	Q132355
Q7531484	order	Q132742
Q7531484	order	Q132355
Q7563619	order	Q132742
Q7563619	order	Q132355
Q5298019	order	Q132742
Q5298019	order	Q132355
Q1765759	order	Q132742
Q1765759	order	Q132355
Q7573590	order	Q132742
Q7573590	order	Q132355
Q1289678	order	Q132742
Q1289678	order	Q132355
Q4869672	order	Q132742
Q4869672	order	Q132355
Q1764555	order	Q132742
Q1764555	order	Q132355
Q7420957	order	Q132742
Q7420957	order	Q132355
Q10797553	order	Q132742
Q10797553	order	Q132355
Q4750725	order	Q132742
Q4750725	order	Q132355
Q5394841	order	Q132742
Q5394841	order	Q132355
Q3425865	order	Q132742
Q3425865	order	Q132355
Q5420593	order	Q132742
Q5420593	order	Q132355
Q3425920	order	Q132742
Q3425920	order	Q132355
Q1760490	order	Q132742
Q1760490	order	Q132355
Q8064124	order	Q132742
Q8064124	order	Q132355
Q1765097	order	Q132742
Q1765097	order	Q132355
Q5127530	order	Q132742
Q5127530	order	Q132355
Q1782939	order	Q132742
Q1782939	order	Q132355
Q4765449	order	Q132742
Q4765449	order	Q132355
Q4904217	order	Q132742
Q4904217	order	Q132355
Q5063594	order	Q132742
Q5063594	order	Q132355
Q5139465	order	Q132742
Q5139465	order	Q132355
Q4822158	order	Q132742
Q4822158	order	Q132355
Q10772882	order	Q132742
Q10772882	order	Q132355
Q6840563	order	Q132742
Q6840563	order	Q132355
Q7135826	order	Q132742
Q7135826	order	Q132355
Q4795604	order	Q132742
Q4795604	order	Q132355
Q5519279	order	Q132742
Q5519279	order	Q132355
Q4770090	order	Q132742
Q4770090	order	Q132355
Q742163	order	Q132742
Q742163	order	Q132355
Q1348957	order	Q132742
Q1348957	order	Q132355
Q7101015	order	Q132742
Q7101015	order	Q132355
Q585776	order	Q132742
Q585776	order	Q132355
Q7254304	order	Q132742
Q7254304	order	Q132355
Q156512	order	Q338878
Q190545	order	Q338878
Q134655	order	Q338878
Q14834255	order	Q147877
Q14826936	order	Q147877
Q14724787	order	Q147877
Q4034212	order	Q147877
Q1937194	order	Q147877
Q14833019	order	Q147877
Q14826959	order	Q147877
Q14821890	order	Q22671
Q14821890	order	Q147877
Q14842466	order	Q147877
Q14822545	order	Q147877
Q14832140	order	Q147877
Q4050100	order	Q147877
Q14846256	order	Q147877
Q14836805	order	Q147877
Q14826140	order	Q147877
Q5064752	order	Q147877
Q14719296	order	Q147877
Q1526722	order	Q147877
Q14821926	order	Q147877
Q7900492	order	Q147877
Q14845852	order	Q147877
Q4782115	order	Q147877
Q14821270	order	Q147877
Q14825779	order	Q147877
Q14702270	order	Q147877
Q14851177	order	Q147877
Q7629689	order	Q147877
Q3216184	order	Q147877
Q14840324	order	Q147877
Q14839694	order	Q147877
Q14834576	order	Q147877
Q14833243	order	Q147877
Q14835032	order	Q147877
Q14835288	order	Q147877
Q14835096	order	Q147877
Q653590	order	Q147877
Q14832533	order	Q147877
Q14841407	order	Q147877
Q14834732	order	Q147877
Q14822996	order	Q147877
Q14828202	order	Q147877
Q14846903	order	Q147877
Q14845030	order	Q147877
Q1950613	order	Q147877
Q14825127	order	Q147877
Q4038118	order	Q147877
Q14817821	order	Q147877
Q1615850	order	Q22671
Q1615850	order	Q147877
Q14830994	order	Q147877
Q14719052	order	Q147877
Q14834996	order	Q147877
Q14824170	order	Q147877
Q2082228	order	Q147877
Q14843525	order	Q147877
Q14832123	order	Q147877
Q14825651	order	Q147877
Q6528460	order	Q147877
Q14826392	order	Q147877
Q14832952	order	Q147877
Q14830047	order	Q147877
Q14817156	order	Q147877
Q14832498	order	Q147877
Q14827846	order	Q147877
Q14830579	order	Q147877
Q5232474	order	Q147877
Q1303239	order	Q147877
Q159402	order	Q338878
Q157637	order	Q338878
Q157658	order	Q338878
Q161066	order	Q338878
Q2521639	order	Q149081
Q135512	order	Q149081
Q133326	order	Q149081
Q2435659	order	Q149081
Q178320	order	Q149081
Q310753	order	Q149081
Q1088873	order	Q149081
Q345772	order	Q149081
Q2193181	order	Q149081
Q2725287	order	Q149081
Q134653	order	Q149081
Q131891	order	Q149081
Q481845	order	Q149081
Q134268	order	Q149081
Q2708321	order	Q149081
Q580911	order	Q149081
Q93912	order	Q149081
Q145349	order	Q149081
Q770535	order	Q149081
Q388364	order	Q149081
Q139923	order	Q149081
Q142694	order	Q149081
Q698263	order	Q149081
Q131627	order	Q149081
Q718925	order	Q149081
Q901804	order	Q149081
Q1475483	order	Q940396
Q1475483	order	Q2102
Q2370818	order	Q940396
Q2370818	order	Q2102
Q2450227	order	Q940396
Q2450227	order	Q2102
Q179711	order	Q940396
Q179711	order	Q2102
Q2704281	order	Q940396
Q2704281	order	Q2102
Q1587690	order	Q940396
Q1587690	order	Q2102
Q1303330	order	Q940396
Q1303330	order	Q2102
Q1937918	order	Q132742
Q5406394	order	Q132742
Q13856943	order	Q132742
Q4046823	order	Q132742
Q13936852	order	Q132742
Q507740	order	Q132742
Q5210155	order	Q132742
Q5119266	order	Q132742
Q7786504	order	Q132742
Q7115790	order	Q132742
Q4694915	order	Q132742
Q4119733	order	Q27584
Q6554566	order	Q27584
Q5420667	order	Q27584
Q4119188	order	Q25312
Q4119188	order	Q27584
Q7525705	order	Q27584
Q7941800	order	Q27584
Q4119088	order	Q27584
Q6534396	order	Q27584
Q16992925	order	Q27584
Q5199321	order	Q27584
Q5394072	order	Q27584
Q260367	order	Q27584
Q4008460	order	Q27584
Q5396242	order	Q27584
Q5581866	order	Q27584
Q6725059	order	Q27584
Q2906912	order	Q27584
Q7181018	order	Q27584
Q6530417	order	Q27584
Q6874172	order	Q592273
Q8045354	order	Q592273
Q9750208	order	Q132355
Q9750208	order	Q132742
Q9612979	order	Q132355
Q9612979	order	Q132742
Q9588593	order	Q132355
Q9588593	order	Q132742
Q4770880	order	Q132355
Q4770880	order	Q132742
Q10295000	order	Q132355
Q10295000	order	Q132742
Q10317621	order	Q132355
Q10317621	order	Q132742
Q13638022	order	Q132355
Q13638022	order	Q132742
Q10290515	order	Q132355
Q10290515	order	Q132742
Q2597070	order	Q132742
Q860124	order	Q132742
Q59905	order	Q132742
Q4591356	order	Q132742
Q838733	order	Q132742
Q1110519	order	Q132742
Q32549	order	Q132742
Q1074615	order	Q132742
Q3360139	order	Q132742
Q1108645	order	Q132742
Q158717	order	Q132742
Q2161209	order	Q132742
Q660158	order	Q132742
Q833355	order	Q132742
Q460892	order	Q132742
Q855355	order	Q132742
Q2641594	order	Q132742
Q32476	order	Q132742
Q41559	order	Q132742
Q291207	order	Q132742
Q138264	order	Q132742
Q3354454	order	Q132742
Q794596	order	Q132742
Q996517	order	Q132742
Q669463	order	Q132742
Q81513	order	Q338878
Q6471073	order	Q132742
Q2823479	order	Q132742
Q7433976	order	Q132742
Q3000407	order	Q132742
Q5103110	order	Q132742
Q5153925	order	Q132742
Q13857790	order	Q132742
Q6722458	order	Q132742
Q5414897	order	Q132742
Q7188419	order	Q132742
Q6806207	order	Q132742
Q5382609	order	Q132742
Q3054035	order	Q132742
Q2375613	order	Q132742
Q5369354	order	Q132742
Q394303	order	Q132742
Q5414953	order	Q132742
Q2742956	order	Q132742
Q6482256	order	Q132742
Q4753175	order	Q132742
Q6995091	order	Q132742
Q5517967	order	Q132742
Q3144421	order	Q132742
Q5373021	order	Q132742
Q6947308	order	Q132742
Q4779670	order	Q132742
Q13857913	order	Q132742
Q3028783	order	Q132742
Q534194	order	Q132742
Q7104320	order	Q132742
Q5961300	order	Q132742
Q10317493	order	Q132742
Q5383249	order	Q132742
Q8074251	order	Q132742
Q5962072	order	Q132742
Q1757035	order	Q27584
Q4953497	order	Q27584
Q4953497	order	Q25312
Q1939249	order	Q27584
Q1950647	order	Q27584
Q5389559	order	Q27584
Q5389559	order	Q25312
Q1756743	order	Q27584
Q1953498	order	Q27584
Q7197439	order	Q27584
Q7197439	order	Q25312
Q7663512	order	Q27584
Q7663512	order	Q25312
Q1074819	order	Q31431
Q2712716	order	Q147877
Q775899	order	Q132742
Q775899	order	Q132355
Q290915	order	Q132742
Q290915	order	Q132355
Q13860184	order	Q132742
Q13860184	order	Q132355
Q7168881	order	Q132742
Q7168881	order	Q132355
Q6839375	order	Q132742
Q6839375	order	Q132355
Q20721300	order	Q132742
Q20721300	order	Q132355
Q148273	order	Q132742
Q148273	order	Q132355
Q10388266	order	Q132742
Q10388266	order	Q132355
Q7423939	order	Q27584
Q7423939	order	Q855002
Q7622205	order	Q27584
Q7622205	order	Q855002
Q7115886	order	Q27584
Q7115886	order	Q855002
Q4891804	order	Q27584
Q4891804	order	Q855002
Q2367663	order	Q338878
Q3168054	order	Q5361179
Q3168054	order	Q133143
Q3168054	order	Q5268323
Q3168054	order	Q1391863
Q3168054	order	Q4576637
Q3168054	order	Q5124933
Q1517807	order	Q1187122
Q1517807	order	Q132979
Q1517807	order	Q1187533
Q7425776	order	Q1187122
Q7425776	order	Q132979
Q7425776	order	Q1187533
Q3170203	order	Q1187122
Q3170203	order	Q132979
Q3170203	order	Q1187533
Q6901838	order	Q1187122
Q6901838	order	Q132979
Q6901838	order	Q1187533
Q10811237	order	Q1187122
Q10811237	order	Q132979
Q10811237	order	Q1187533
Q150255	order	Q1187122
Q150255	order	Q132979
Q150255	order	Q1187533
Q784667	order	Q1187122
Q784667	order	Q132979
Q784667	order	Q1187533
Q7900492	order	Q692384
Q3216184	order	Q692384
Q7629689	order	Q692384
Q6528460	order	Q692384
Q1939636	order	Q147877
Q1318293	order	Q147877
Q2560476	order	Q147877
Q134997	order	Q147877
Q5332085	order	Q22671
Q3023308	order	Q22671
Q3023308	order	Q147877
Q5406505	order	Q147877
Q1342298	order	Q134754
Q886235	order	Q240514
Q886235	order	Q27584
Q1395707	order	Q240514
Q1395707	order	Q27584
Q602737	order	Q843246
Q1315211	order	Q843246
Q311215	order	Q843246
Q1302332	order	Q843246
Q3618462	order	Q843246
Q1303214	order	Q843246
Q1308282	order	Q843246
Q1304281	order	Q843246
Q997495	order	Q843246
Q997547	order	Q843246
Q2474054	order	Q843246
Q945265	order	Q843246
Q532473	order	Q843246
Q772074	order	Q843246
Q784767	order	Q843246
Q143500	order	Q843246
Q503892	order	Q22671
Q2823479	order	Q132355
Q534194	order	Q132355
Q7188419	order	Q132355
Q6947308	order	Q132355
Q2742956	order	Q132355
Q3004663	order	Q5124933
Q3004663	order	Q5361179
Q3004663	order	Q133143
Q3004663	order	Q4576637
Q3004663	order	Q1391863
Q3004663	order	Q5268323
Q754657	order	Q194240
Q754657	order	Q25341
Q82247	order	Q1187533
Q82247	order	Q132979
Q16982988	order	Q1187533
Q16982988	order	Q132979
Q4890573	order	Q1187533
Q4890573	order	Q132979
Q3172825	order	Q1187533
Q3172825	order	Q132979
Q17143107	order	Q1187533
Q17143107	order	Q132979
Q3170985	order	Q1187533
Q3170985	order	Q132979
Q7616973	order	Q1187533
Q7616973	order	Q132979
Q3141178	order	Q1187533
Q3141178	order	Q132979
Q28457	order	Q374779
Q28457	order	Q147877
Q2946714	order	Q132742
Q2946714	order	Q132355
Q966896	order	Q132742
Q966896	order	Q132355
Q1758343	order	Q132742
Q1758343	order	Q132355
Q1766278	order	Q132742
Q1766278	order	Q132355
Q5036159	order	Q843246
Q7116126	order	Q843246
Q7076456	order	Q843246
Q2116172	order	Q843246
Q3013651	order	Q843246
Q5707609	order	Q843246
Q7202706	order	Q843246
Q7081210	order	Q843246
Q5266218	order	Q843246
Q6820115	order	Q843246
Q4678411	order	Q843246
Q7135695	order	Q843246
Q8045589	order	Q843246
Q2367080	order	Q843246
Q10759847	order	Q843246
Q6754879	order	Q843246
Q7234438	order	Q843246
Q3007511	order	Q843246
Q146869	order	Q843246
Q7607829	order	Q843246
Q3007776	order	Q843246
Q6555970	order	Q843246
Q2412715	order	Q147877
Q186946	order	Q147877
Q1258274	order	Q147877
Q227894	order	Q147877
Q282914	order	Q147877
Q785080	order	Q147877
Q641142	order	Q22671
Q2700651	order	Q338878
Q5887349	order	Q132355
Q5887349	order	Q132742
Q1638558	order	Q747502
Q2699011	order	Q621829
Q293250	order	Q132355
Q293250	order	Q132742
Q3538978	order	Q692384
Q3538978	order	Q147877
Q588866	order	Q25341
Q780445	order	Q25341
Q10290217	order	Q132355
Q10290217	order	Q132742
Q10354159	order	Q132355
Q10354159	order	Q132742
Q9611449	order	Q132355
Q9611449	order	Q132742
Q18523208	order	Q132355
Q18523208	order	Q132742
Q7689791	order	Q132355
Q7689791	order	Q132742
Q10375463	order	Q132355
Q10375463	order	Q132742
Q10269204	order	Q132355
Q10269204	order	Q132742
Q4827003	order	Q132355
Q4827003	order	Q132742
Q9626513	order	Q132355
Q9626513	order	Q132742
Q2254831	order	Q843246
Q2352962	order	Q843246
Q1318979	order	Q843246
Q2976075	order	Q843246
Q1318879	order	Q843246
Q2224782	order	Q843246
Q2160698	order	Q843246
Q2060142	order	Q843246
Q1920646	order	Q843246
Q2272548	order	Q2254408
Q1311045	order	Q843246
Q6822094	order	Q843246
Q5192971	order	Q843246
Q5086357	order	Q843246
Q7159179	order	Q843246
Q1361701	order	Q843246
Q1941887	order	Q843246
Q5018481	order	Q843246
Q1311317	order	Q843246
Q10612636	order	Q135338
Q220475	order	Q2102
Q220475	order	Q940396
Q2075952	order	Q2102
Q2075952	order	Q940396
Q460286	order	Q2102
Q460286	order	Q940396
Q152504	order	Q2102
Q152504	order	Q940396
Q590796	order	Q5361179
Q590796	order	Q133143
Q590796	order	Q4576637
Q1443205	order	Q5361179
Q1443205	order	Q133143
Q1443205	order	Q4576637
Q3061362	order	Q5361179
Q3061362	order	Q133143
Q3061362	order	Q4576637
Q1442646	order	Q5361179
Q1442646	order	Q133143
Q1442646	order	Q4576637
Q2110322	order	Q5361179
Q2110322	order	Q133143
Q2110322	order	Q4576637
Q1960566	order	Q5361179
Q1960566	order	Q133143
Q1960566	order	Q4576637
Q7165033	order	Q27605
Q7165033	order	Q25312
Q7165033	order	Q950698
Q7684086	order	Q27605
Q7684086	order	Q25312
Q7684086	order	Q950698
Q7104423	order	Q27605
Q7104423	order	Q25312
Q7104423	order	Q950698
Q5101972	order	Q27605
Q5101972	order	Q25312
Q5101972	order	Q950698
Q5101973	order	Q27605
Q5101973	order	Q25312
Q5101973	order	Q950698
Q540115	order	Q132355
Q3055798	order	Q132355
Q132447	order	Q132355
Q156847	order	Q132355
Q2784491	order	Q132355
Q1429208	order	Q2944038
Q2272548	order	Q2944038
Q135244	order	Q2944038
Q2317883	order	Q2944038
Q747278	order	Q2944038
Q373056	order	Q2944038
Q13417681	order	Q2944038
Q1073955	order	Q2944038
Q14617763	order	Q22671
Q289879	order	Q338878
Q2705135	order	Q338878
Q4811629	order	Q338878
Q4953508	order	Q338878
Q5428678	order	Q338878
Q4924527	order	Q338878
Q303626	order	Q147877
Q303626	order	Q383230
Q244217	order	Q147877
Q244217	order	Q383230
Q1313066	order	Q28319
Q6875237	order	Q843246
Q7662348	order	Q843246
Q9662854	order	Q843246
Q7034108	order	Q843246
Q1316305	order	Q22671
Q1316305	order	Q131060
Q1763475	order	Q131060
Q1303705	order	Q131060
Q1766785	order	Q131060
Q7019837	order	Q147877
Q7019837	order	Q692384
Q1938881	order	Q22671
Q1938881	order	Q147877
Q1938881	order	Q692384
Q1789026	order	Q22671
Q1789026	order	Q147877
Q1789026	order	Q692384
Q1936307	order	Q22671
Q1936307	order	Q147877
Q1936307	order	Q692384
Q1261625	order	Q147877
Q1261625	order	Q692384
Q2904940	order	Q132979
Q2904940	order	Q136817
Q556018	order	Q843246
Q1050407	order	Q843246
Q784968	order	Q843246
Q1937762	order	Q843246
Q1768585	order	Q843246
Q311221	order	Q843246
Q276595	order	Q25312
Q145301	order	Q132979
Q145301	order	Q1187122
Q145301	order	Q1187533
Q2512684	order	Q132979
Q2512684	order	Q1187122
Q2512684	order	Q1187533
Q7902107	order	Q132355
Q7902107	order	Q132742
Q1596502	order	Q132355
Q1596502	order	Q132742
Q5573046	order	Q132355
Q5573046	order	Q132742
Q133301	order	Q132355
Q133301	order	Q132742
Q3573025	order	Q132355
Q3573025	order	Q132742
Q133256	order	Q132355
Q133256	order	Q132742
Q1294126	order	Q132355
Q1294126	order	Q132742
Q135490	order	Q132355
Q135490	order	Q132742
Q874723	order	Q592273
Q2452924	order	Q134759
Q2600380	order	Q134759
Q1631828	order	Q2254408
Q1939370	order	Q22864
Q10297941	order	Q132355
Q5187261	order	Q132355
Q5504701	order	Q132355
Q7826185	order	Q132355
Q7061851	order	Q132355
Q10273304	order	Q132355
Q10273304	order	Q28319
Q10273304	order	Q132742
Q5254869	order	Q132355
Q10260402	order	Q132355
Q7809601	order	Q132355
Q7809601	order	Q132742
Q6088304	order	Q132355
Q6088304	order	Q132742
Q951805	order	Q661136
Q1335106	order	Q834805
Q5371032	order	Q135338
Q3422982	order	Q135338
Q13381446	order	Q135338
Q13381446	order	Q27191
Q2558839	order	Q201636
Q2155099	order	Q201636
Q2452082	order	Q201636
Q146795	order	Q132742
Q513419	order	Q134759
Q222432	order	Q764420
Q366974	order	Q764420
Q774034	order	Q764420
Q2101364	order	Q764420
Q934789	order	Q840552
Q133991	order	Q840552
Q133927	order	Q840552
Q3143765	order	Q383230
Q756491	order	Q1187533
Q756491	order	Q132979
Q756491	order	Q1187122
Q1756760	order	Q131060
Q137381	order	Q131060
Q1158661	order	Q131060
Q7799703	order	Q132355
Q7799703	order	Q132742
Q10273276	order	Q132355
Q10273276	order	Q132742
Q567898	order	Q132355
Q567898	order	Q132742
Q8008784	order	Q132355
Q8008784	order	Q132742
Q13860208	order	Q132355
Q13860208	order	Q132742
Q13860277	order	Q132355
Q13860277	order	Q132742
Q376382	order	Q134759
Q2534111	order	Q134759
Q826861	order	Q134759
Q133906	order	Q134759
Q2437133	order	Q134759
Q1093619	order	Q25341
Q1040629	order	Q692384
Q687380	order	Q22671
Q687380	order	Q692384
Q687380	order	Q147877
Q25327	order	Q692384
Q1002442	order	Q692384
Q4671715	order	Q132742
Q4671715	order	Q132355
Q3375360	order	Q132742
Q3375360	order	Q132355
Q7158852	order	Q132742
Q7158852	order	Q132355
Q2566619	order	Q132742
Q2566619	order	Q132355
Q1939401	order	Q132742
Q1939401	order	Q132355
Q137284	order	Q12084
Q1394032	order	Q147873
Q547707	order	Q147873
Q547707	order	Q526867
Q117160	order	Q22864
Q1594775	order	Q132742
Q1594775	order	Q132355
Q4042576	order	Q132742
Q4042576	order	Q132355
Q4039712	order	Q132742
Q4039712	order	Q132355
Q7247642	order	Q132742
Q7247642	order	Q132355
Q2704281	order	Q728299
Q2370818	order	Q728299
Q3715458	order	Q25312
Q3715458	order	Q27584
Q10273002	order	Q132742
Q10273002	order	Q132355
Q10273556	order	Q132742
Q10273556	order	Q132355
Q7439692	order	Q132742
Q7439692	order	Q132355
Q1758018	order	Q843246
Q2641594	order	Q843246
Q2252483	order	Q1844555
Q1306285	order	Q147877
Q140403	order	Q27584
Q3169098	order	Q1187122
Q3169098	order	Q1187533
Q3169098	order	Q132979
Q310202	order	Q6839374
Q13911324	order	Q132355
Q13911324	order	Q132742
Q284699	order	Q137929
Q1293045	order	Q764420
Q6101614	order	Q132742
Q6101614	order	Q132355
Q13638123	order	Q132742
Q13638123	order	Q132355
Q10288399	order	Q132742
Q10288399	order	Q132355
Q660684	order	Q216191
Q7521356	order	Q950698
Q7635439	order	Q240514
Q7635439	order	Q27584
Q1756331	order	Q147877
Q4751397	order	Q843246
Q7786587	order	Q843246
Q10730521	order	Q843246
Q1189764	order	Q843246
Q2692350	order	Q940396
Q2997222	order	Q262297
Q2997222	order	Q27191
Q7180645	order	Q27584
Q7180645	order	Q240514
Q134999	order	Q59576
Q949885	order	Q338878
Q2876947	order	Q338878
Q138293	order	Q5268323
Q138293	order	Q4576637
Q138293	order	Q133143
Q138293	order	Q1391863
Q138293	order	Q5361179
Q138293	order	Q5124933
Q2529221	order	Q5268323
Q2529221	order	Q4576637
Q2529221	order	Q133143
Q2529221	order	Q1391863
Q2529221	order	Q5361179
Q2529221	order	Q5124933
Q2630951	order	Q201636
Q13911232	order	Q132355
Q13911232	order	Q132742
Q13911257	order	Q132355
Q13911257	order	Q132742
Q13911252	order	Q132355
Q13911252	order	Q132742
Q141030	order	Q7372
Q766680	order	Q27605
Q83749	order	Q713623
Q3173350	order	Q713623
Q3169345	order	Q713623
Q1325371	order	Q713623
Q6469078	order	Q713623
Q3204663	order	Q713623
Q3172214	order	Q713623
Q1173747	order	Q149107
Q2468341	order	Q149107
Q2752603	order	Q149107
Q7336327	order	Q132742
Q7336327	order	Q132355
Q7808249	order	Q132742
Q7808249	order	Q132355
Q6990976	order	Q132742
Q6990976	order	Q132355
Q5385380	order	Q132742
Q5385380	order	Q132355
Q7020543	order	Q132979
Q7020543	order	Q1187533
Q6207630	order	Q132979
Q6207630	order	Q1187533
Q3169364	order	Q132979
Q3169364	order	Q1187533
Q3139394	order	Q132979
Q3139394	order	Q1187533
Q3174409	order	Q132979
Q3174409	order	Q1187533
Q1955518	order	Q22864
Q1921369	order	Q1947463
Q1921369	order	Q27584
Q2047976	order	Q2944038
Q1004429	order	Q2944038
Q10288921	order	Q5165347
Q1758718	order	Q843246
Q420732	order	Q843246
Q2324817	order	Q27605
Q2324817	order	Q950698
Q3141628	order	Q5361179
Q3141628	order	Q4576637
Q3141628	order	Q1391863
Q3141628	order	Q133143
Q3141628	order	Q5268323
Q3141628	order	Q5124933
Q4023871	order	Q202890
Q4023871	order	Q634988
Q4053381	order	Q1187533
Q4053381	order	Q132979
Q4053381	order	Q1187122
Q1951212	order	Q132756
Q5332085	order	Q692384
Q1367867	order	Q843246
Q4671927	order	Q843246
Q1940265	order	Q940396
Q1940265	order	Q2102
Q5022091	order	Q132355
Q2862261	order	Q5124933
Q2862261	order	Q133143
Q2862261	order	Q5361179
Q2862261	order	Q4576637
Q2862261	order	Q5268323
Q3705872	order	Q5124933
Q3705872	order	Q133143
Q3705872	order	Q5361179
Q3705872	order	Q4576637
Q3705872	order	Q5268323
Q772082	order	Q2254408
Q584577	order	Q59576
Q648200	order	Q481701
Q1515467	order	Q481701
Q4034536	order	Q713623
Q279215	order	Q1063601
Q279215	order	Q859154
Q279215	order	Q532250
Q14520209	order	Q22864
Q31130	order	Q133143
Q31130	order	Q840453
Q31130	order	Q972302
Q1941819	order	Q133143
Q1941819	order	Q840453
Q1941819	order	Q972302
Q2706018	order	Q940396
Q141175	order	Q929163
Q531833	order	Q692384
Q531833	order	Q147877
Q609477	order	Q692384
Q609477	order	Q147877
Q16985982	order	Q692384
Q16985982	order	Q147877
Q3203049	order	Q639672
Q1009981	order	Q25341
Q1949348	order	Q262297
Q1946692	order	Q804481
Q3024850	order	Q632936
Q13910202	order	Q132742
Q13910202	order	Q132355
Q887595	order	Q940396
Q2011837	order	Q1844555
Q284420	order	Q1844555
Q144094	order	Q660475
Q144522	order	Q22864
